firstname,lastname,email,phone,birth_date,membership
Dacie,Flatt,dflatt0@altervista.org,5585310892,2022-08-08,B
Marisa,Harlett,mharlett1@amazon.com,2445016430,2023-02-17,S
Gerardo,Dews,gdews2@wunderground.com,4352282699,2022-09-21,G
Trixy,MacArd,tmacard3@utexas.edu,7679402513,2022-09-21,B
Jard,Cottingham,jcottingham4@cdbaby.com,8458884113,2022-03-03,B
Grata,Rome,grome5@europa.eu,2532894101,2023-01-04,B
Adrian,Luis,aluis6@netlog.com,9599977268,2022-06-15,S
Dalston,Belly,dbelly7@prlog.org,2025496381,2022-10-07,S
Thorpe,Broadley,tbroadley8@businesswire.com,6256810463,2022-10-13,G
Allegra,Crumpe,acrumpe9@mtv.com,7583461336,2022-04-03,G
Malvin,Bovaird,mbovairda@nasa.gov,8754936275,2022-10-24,B
Philipa,Letterese,plettereseb@ted.com,3022715463,2022-08-24,B
Kingsley,Haddick,khaddickc@buzzfeed.com,4756866096,2022-12-28,G
Isac,Dudill,idudilld@friendfeed.com,8998428576,2022-03-16,S
Erl,Ambler,eamblere@cbc.ca,1069237826,2022-11-17,G
Louella,Ben,lbenf@amazon.com,3124684066,2022-03-12,B
Curtis,Haville,chavilleg@shutterfly.com,2159694487,2023-01-25,B
Hastie,McGonagle,hmcgonagleh@fc2.com,2986951538,2022-04-21,B
Allin,Minard,aminardi@php.net,4135362505,2022-07-15,G
Kelwin,McCane,kmccanej@wix.com,2704031955,2022-07-29,S
Sophi,Bollin,sbollink@engadget.com,8437448032,2022-10-29,G
Vanny,Hendrikse,vhendriksel@home.pl,9714833082,2022-07-17,B
Marja,Holliar,mholliarm@github.io,2395718929,2022-08-24,S
Sophi,Ventris,sventrisn@sphinn.com,6737004233,2022-05-20,S
Rena,Glidder,rgliddero@1und1.de,4562106740,2022-04-14,S
Saloma,Estcourt,sestcourtp@odnoklassniki.ru,7861899373,2022-09-17,G
Madelin,Leith,mleithq@linkedin.com,1074258866,2022-06-11,G
Abey,Paolucci,apaoluccir@typepad.com,1299148969,2022-11-30,B
Chaunce,Draysey,cdrayseys@youtu.be,7949841260,2023-01-21,B
Linet,Trow,ltrowt@stanford.edu,6581922263,2022-05-06,B
Bogey,Adan,badanu@abc.net.au,6027046169,2022-10-30,S
Jordain,Kelwaybamber,jkelwaybamberv@stumbleupon.com,9489075709,2022-09-04,G
Kellen,Ianno,kiannow@illinois.edu,6115765278,2022-04-18,G
Essa,Boase,eboasex@purevolume.com,4092092581,2022-09-20,B
Davina,Champkins,dchampkinsy@who.int,3067971017,2022-05-03,B
Row,Hatrey,rhatreyz@icio.us,5317146515,2023-02-16,S
Deny,Greaterex,dgreaterex10@statcounter.com,3017848911,2022-05-14,S
Brigg,Jeanequin,bjeanequin11@ibm.com,7142735309,2022-07-13,S
Petey,Petru,ppetru12@alibaba.com,3374105437,2022-06-11,B
Norman,Idenden,nidenden13@ebay.com,9462388587,2023-02-21,B
Kaylee,Simonazzi,ksimonazzi14@seesaa.net,3019181678,2022-03-17,S
Shalna,Pelzer,spelzer15@washington.edu,5368948728,2022-07-30,S
Robinett,Scargle,rscargle16@chronoengine.com,8872034152,2022-12-05,B
Joaquin,Premble,jpremble17@omniture.com,4617443668,2022-12-11,B
Marcos,Rosenstiel,mrosenstiel18@goo.ne.jp,5727174039,2022-06-30,B
Abramo,Christou,achristou19@stanford.edu,1015287551,2022-03-09,S
Libbi,Wreath,lwreath1a@biblegateway.com,2499792810,2022-11-10,B
Leila,Olohan,lolohan1b@springer.com,4053172345,2023-02-12,B
Levy,Becken,lbecken1c@npr.org,8349777095,2022-04-17,G
Brook,Lichtfoth,blichtfoth1d@shinystat.com,3146374024,2022-04-06,B
Gunner,Walkey,gwalkey1e@patch.com,2337659818,2022-12-31,B
Gaspard,Southorn,gsouthorn1f@npr.org,5425658743,2022-10-23,B
Keeley,Nucator,knucator1g@flavors.me,1481052224,2023-01-26,B
Gino,Espada,gespada1h@delicious.com,6204890405,2022-12-04,G
Eddy,Sanzio,esanzio1i@sourceforge.net,1321899507,2022-10-10,S
Leighton,Yakubowicz,lyakubowicz1j@bloglines.com,1163713577,2022-07-26,B
Boone,Milroy,bmilroy1k@youtube.com,6779361498,2022-08-03,B
Blondell,Harwin,bharwin1l@unesco.org,5795469874,2022-03-20,B
Marj,Heaselgrave,mheaselgrave1m@intel.com,6672686767,2022-09-23,B
Othella,Crellim,ocrellim1n@icio.us,6225839138,2022-08-28,G
Caspar,Heinrich,cheinrich1o@xrea.com,9961439416,2022-09-24,B
Ellie,Cosbee,ecosbee1p@jalbum.net,7438044893,2023-01-02,B
Ivonne,Macklam,imacklam1q@amazon.com,7467473011,2022-11-18,G
Adam,Jenteau,ajenteau1r@posterous.com,5205740308,2023-02-13,B
Kermy,Croson,kcroson1s@live.com,3698496690,2022-12-21,B
Hyman,Crosgrove,hcrosgrove1t@mapy.cz,8977327720,2022-05-22,G
Sari,Dash,sdash1u@baidu.com,8182856360,2022-07-19,G
Willette,Alloway,walloway1v@slashdot.org,2766174448,2022-05-28,S
Orson,Stawell,ostawell1w@bbc.co.uk,8558626419,2022-06-27,S
Gerianna,Benedite,gbenedite1x@bbb.org,6344363193,2022-11-28,S
Stefania,Kindred,skindred1y@bloglovin.com,3519945217,2023-02-12,B
Evelyn,Fishley,efishley1z@artisteer.com,2945002916,2023-01-29,B
Loren,Shaul,lshaul20@cnet.com,3682482130,2022-04-19,G
Yanaton,Jandac,yjandac21@sciencedirect.com,2423801176,2022-11-01,B
Dacia,Laville,dlaville22@guardian.co.uk,3413872663,2022-10-30,S
Zilvia,Edmonson,zedmonson23@issuu.com,1348808503,2022-04-18,G
Knox,McDarmid,kmcdarmid24@t-online.de,1096847814,2023-01-31,G
Baxter,Wilton,bwilton25@economist.com,7744824635,2022-04-10,B
Dalt,De La Haye,ddelahaye26@freewebs.com,9356963433,2022-06-22,B
Woody,Torry,wtorry27@a8.net,4483370954,2022-04-04,S
Pyotr,Firk,pfirk28@cnbc.com,9751982942,2023-01-22,B
Garnette,Bendix,gbendix29@unc.edu,9287931928,2022-11-02,B
Ambrose,Senyard,asenyard2a@sohu.com,8718708383,2022-06-28,B
Dallas,Stebbin,dstebbin2b@google.ca,5361920147,2022-07-12,B
Regan,Castel,rcastel2c@dot.gov,3138189128,2022-06-28,B
Tarah,Leyninye,tleyninye2d@netvibes.com,8496152987,2022-07-10,S
Manfred,Craythorne,mcraythorne2e@bloomberg.com,3066369482,2022-06-30,B
Quintus,Argo,qargo2f@tripadvisor.com,8008340858,2022-12-05,B
Kare,Renals,krenals2g@github.io,5845645658,2022-03-02,S
Mariele,Kisting,mkisting2h@google.ca,1618956437,2022-06-22,B
Daniele,Markwick,dmarkwick2i@mit.edu,1137992455,2023-01-26,S
Brady,Rene,brene2j@desdev.cn,6972002885,2022-09-15,B
Joy,Kenn,jkenn2k@chron.com,4168937469,2022-04-04,B
Siffre,Tzarkov,stzarkov2l@timesonline.co.uk,7445980043,2022-03-01,G
Rubina,Dagon,rdagon2m@bravesites.com,4329625007,2022-11-19,B
Aldric,Mars,amars2n@washington.edu,2602305694,2022-12-03,B
Gabriella,Joderli,gjoderli2o@shinystat.com,3354805526,2023-01-13,G
Tim,Gonzalvo,tgonzalvo2p@aol.com,6405414504,2022-12-13,B
Stace,Dyka,sdyka2q@bbb.org,3679238357,2022-10-05,S
Dorolisa,Brimm,dbrimm2r@statcounter.com,1556754513,2022-11-23,B
